
insert into page_position values(1,"Guarda-redes");
insert into page_position values(2,"Defesa");
insert into page_position values(3,"Médio");
insert into page_position values(4,"avançado");

insert into page_stadium values("Lisboa","Estadio da luz",60000,NULL);
insert into page_stadium values("Lisboa CITY","Estadio de alvalade",40000,NULL);
insert into page_stadium values("Porto","Estadio do dragao",50000,NULL);

insert into page_team values("Benfica","2019-10-10",NULL,"Lisboa");
insert into page_team values("Porto","2019-10-10",NULL,"Porto");
insert into page_team values("Sporting","2019-10-10",NULL,"Lisboa CITY");




insert into page_player values(1,"Rafael","1900-10-10",NULL,"Rafa",1,"Benfica");
insert into page_player values(2,"Rafael1","1900-10-10",NULL,"Rafa1",2,"Benfica");
insert into page_player values(3,"Rafael2","1900-10-10",NULL,"Rafa2",3,"Benfica");
insert into page_player values(4,"Rafael3","1900-10-10",NULL,"Rafa3",4,"Benfica");
insert into page_player values(5,"Rafael4","1900-10-10",NULL,"Rafa4",1,"Benfica");
insert into page_player values(6,"Rafael5","1900-10-10",NULL,"Rafa5",2,"Benfica");
insert into page_player values(7,"Rafael6","1900-10-10",NULL,"Rafa6",3,"Benfica");
insert into page_player values(8,"Rafael7","1900-10-10",NULL,"Rafa7",4,"Benfica");
insert into page_player values(9,"Rafael8","1900-10-10",NULL,"Rafa8",1,"Benfica");
insert into page_player values(10,"Rafael9","1900-10-10",NULL,"Rafa9",2,"Benfica");
insert into page_player values(11,"Rafael10","1900-10-10",NULL,"Rafa10",3,"Benfica");
insert into page_player values(12,"Rafael11","1900-10-10",NULL,"Rafa11",4,"Benfica");
insert into page_player values(13,"Rafael12","1900-10-10",NULL,"Rafa12",1,"Benfica");
insert into page_player values(14,"Rafael13","1900-10-10",NULL,"Rafa13",2,"Benfica");


insert into page_player values(15,"Escaleira","1900-10-10",NULL,"Scal",1,"Sporting");
insert into page_player values(16,"Escaleira1","1900-10-10",NULL,"Scal1",2,"Sporting");
insert into page_player values(17,"Escaleira2","1900-10-10",NULL,"Scal2",3,"Sporting");
insert into page_player values(18,"Escaleira3","1900-10-10",NULL,"Scal3",4,"Sporting");
insert into page_player values(19,"Escaleira4","1900-10-10",NULL,"Scal4",1,"Sporting");
insert into page_player values(20,"Escaleira5","1900-10-10",NULL,"Scal5",2,"Sporting");
insert into page_player values(21,"Escaleira6","1900-10-10",NULL,"Scal6",3,"Sporting");
insert into page_player values(22,"Escaleira7","1900-10-10",NULL,"Scal7",4,"Sporting");
insert into page_player values(23,"Escaleira8","1900-10-10",NULL,"Scal8",1,"Sporting");
insert into page_player values(24,"Escaleira9","1900-10-10",NULL,"Scal9",2,"Sporting");
insert into page_player values(25,"Escaleira10","1900-10-10",NULL,"Scal10",3,"Sporting");
insert into page_player values(26,"Escaleira11","1900-10-10",NULL,"Scal11",4,"Sporting");
insert into page_player values(27,"Escaleira12","1900-10-10",NULL,"Scal12",1,"Sporting");
insert into page_player values(28,"Escaleira13","1900-10-10",NULL,"Scal13",2,"Sporting");

